name,link,affiliations,email,cited_by
Ahmad Januar Amri,https://scholar.google.com/citations?hl=en&user=wHb9KwkAAAAJ,Universitas Teknokrat Indonesia,Verified email at teknokrat.ac.id,3049.0
FIRSTITO RAHMAN ABDILLAH,https://scholar.google.com/citations?hl=en&user=EMtXjDAAAAAJ,TEKNOKRAT,Verified email at teknokrat.ac.id,2820.0
Rohmat Indra Borman,https://scholar.google.com/citations?hl=en&user=MLf7eZQAAAAJ,Universitas Teknokrat Indonesia,Verified email at teknokrat.ac.id,2368.0
Afit Santoso,https://scholar.google.com/citations?hl=en&user=0TCSYjMAAAAJ,student at Universitas Teknokrat Indonesia,Verified email at teknokrat.ac.id,2343.0
Heni Sulistiani,https://scholar.google.com/citations?hl=en&user=nyO4JcQAAAAJ,Assistant Professor at Universitas Teknokrat Indonesia,Verified email at teknokrat.ac.id,2197.0
"Dr.Sc. Dedi Darwis, M.Kom.",https://scholar.google.com/citations?hl=en&user=p4-7UvwAAAAJ,Assistant Professor of Computer Science at Universitas Teknokrat Indonesia,Verified email at teknokrat.ac.id,2126.0
Aditya Gumantan,https://scholar.google.com/citations?hl=en&user=EcHDu5wAAAAJ,Universitas Teknokrat Indonesia,Verified email at teknokrat.ac.id,1968.0
Qadhli Jafar Adrian,https://scholar.google.com/citations?hl=en&user=Y5MgRRYAAAAJ,Assistant Professor at Universitas Teknokrat Indonesia,Verified email at teknokrat.ac.id,1935.0
Damayanti,https://scholar.google.com/citations?hl=en&user=xT3EyT4AAAAJ,Assistant Professor of Computer Science at Universitas Teknokrat Indonesia,Verified email at teknokrat.ac.id,1875.0
"Rizki Yuliandra, M.Pd",https://scholar.google.com/citations?hl=en&user=1BSEYXIAAAAJ,Universitas Teknokrat Indonesia,Verified email at teknokrat.ac.id,1717.0
S. Samsugi M.Eng.,https://scholar.google.com/citations?hl=en&user=C8FK6x4AAAAJ,Universitas Teknokrat Indonesia,Verified email at teknokrat.ac.id,1658.0
Imam Mahfud,https://scholar.google.com/citations?hl=en&user=5kw024oAAAAJ,Universitas Teknokrat Indonesia,Verified email at teknokrat.ac.id,1658.0
Rachmi Marsheilla Aguss,https://scholar.google.com/citations?hl=en&user=aZnAoQQAAAAJ,Assistant Professor Universitas Teknokrat Indonesia,Verified email at teknokrat.ac.id,1622.0
Setiawansyah,https://scholar.google.com/citations?hl=en&user=-gQJ7pUAAAAJ,Universitas Teknokrat Indonesia,Verified email at teknokrat.ac.id,1505.0
Imam Ahmad,https://scholar.google.com/citations?hl=en&user=mMu85QUAAAAJ,"Information System, Universitas Teknokrat Indonesia",Verified email at teknokrat.ac.id,1492.0
Eko Bagus Fahrizqi,https://scholar.google.com/citations?hl=en&user=yFIIstgAAAAJ,Universitas Teknokrat Indonesia,Verified email at teknokrat.ac.id,1470.0
Donaya Pasha,https://scholar.google.com/citations?hl=en&user=0podzVcAAAAJ,Universitas Teknokrat Indonesia,Verified email at teknokrat.ac.id,1448.0
"Yusra Fernando, S.Kom., M.Kom.",https://scholar.google.com/citations?hl=en&user=wbKcI0MAAAAJ,Asistant Professor of Computer Science at Universitas Teknokrat Indonesia,Verified email at teknokrat.ac.id,1428.0
Adi Sucipto,https://scholar.google.com/citations?hl=en&user=WXCZkqwAAAAJ,Universitas Teknokrat Indonesia,Verified email at teknokrat.ac.id,1389.0
Syaiful Ahdan,https://scholar.google.com/citations?hl=en&user=pIpcwjEAAAAJ,Electrical Engineering at Universitas Teknokrat Indonesia,Verified email at teknokrat.ac.id,1293.0
Syaiful Ahdan,https://scholar.google.com/citations?hl=en&user=k9T5wysAAAAJ,Electrical Engineering at Universitas Teknokrat Indonesia,Verified email at teknokrat.ac.id,1290.0
Yuri Rahmanto,https://scholar.google.com/citations?hl=en&user=-JYGCEkAAAAJ,"Lecturer, Universitas Teknokrat Indonesia",Verified email at teknokrat.ac.id,1267.0
"Dr. Emi Suwarni, SE., M.Si",https://scholar.google.com/citations?hl=en&user=hH1WRAQAAAAJ,Assistant Professor of Economic Development at Universitas Teknokrat Indonesia,Verified email at teknokrat.ac.id,1232.0
Nicky Dwi Puspaningtyas,https://scholar.google.com/citations?hl=en&user=6By2fD0AAAAJ,Universitas Teknokrat Indonesia,Verified email at teknokrat.ac.id,1225.0
Neneng,https://scholar.google.com/citations?hl=en&user=SyQPXdUAAAAJ,Universitas Teknokrat Indonesia,Verified email at teknokrat.ac.id,1221.0
Adhie Thyo Priandika,https://scholar.google.com/citations?hl=en&user=wWFZzVcAAAAJ,Analisis Pemodelan Perangkat Lunak,Verified email at teknokrat.ac.id,1184.0
Erliyan Redy Susanto,https://scholar.google.com/citations?hl=en&user=V2HJkLwAAAAJ,Universitas Teknokrat Indonesia,Verified email at teknokrat.ac.id,1179.0
Putri Sukma Dewi,https://scholar.google.com/citations?hl=en&user=v2J6ecoAAAAJ,"Dosen pendidikan matematika, Universitas Teknokrat Indonesia",Verified email at teknokrat.ac.id,1178.0
Ade Surahman,https://scholar.google.com/citations?hl=en&user=QQ1G9ZIAAAAJ,Senior Lecturer at Universitas Teknokrat Indonesia,Verified email at teknokrat.ac.id,1177.0
Debby Alita,https://scholar.google.com/citations?hl=en&user=qgDSA1EAAAAJ,Universitas Teknokrat Indonesia,Verified email at teknokrat.ac.id,1159.0
Sampurna Dadi Riskiono,https://scholar.google.com/citations?hl=en&user=k8zbWRgAAAAJ,Universitas Teknokrat Indonesia,Verified email at teknokrat.ac.id,1155.0
"Farli Rossi, ST, M.Sc.",https://scholar.google.com/citations?hl=en&user=CEesrdMAAAAJ,"lecturer, universitas teknokrat indonesia",Verified email at teknokrat.ac.id,1127.0
Sugama Maskar,https://scholar.google.com/citations?hl=en&user=plErDXwAAAAJ,Assistant Professor of Mathematics Education at Universitas Teknokrat Indonesia,Verified email at teknokrat.ac.id,1117.0
Ajeng Savitri Puspaningrum,https://scholar.google.com/citations?hl=en&user=tE9RoSsAAAAJ,Universitas Teknokrat Indonesia,Verified email at teknokrat.ac.id,1110.0
Dhiona Ayu Nani,https://scholar.google.com/citations?hl=en&user=LG5kMloAAAAJ,Universitas Teknokrat Indonesia,Verified email at teknokrat.ac.id,1062.0
"Styawati, ST, M.Cs.",https://scholar.google.com/citations?hl=en&user=XtLzsRYAAAAJ,Universitas Teknokrat Indonesia,Verified email at teknokrat.ac.id,1019.0
Ryan Randy Suryono,https://scholar.google.com/citations?hl=en&user=9EkYs-gAAAAJ,Universitas Teknokrat Indonesia,Verified email at teknokrat.ac.id,989.0
Dyah Ayu Megawaty,https://scholar.google.com/citations?hl=en&user=InDfjpcAAAAJ,Universitas Teknokrat Indonesia,Verified email at teknokrat.ac.id,969.0
Agus Wantoro,https://scholar.google.com/citations?hl=en&user=MaJqcIAAAAAJ,UNIVERSITAS TEKNOKRAT INDONESIA,Verified email at teknokrat.ac.id,950.0
Lulud Oktaviani,https://scholar.google.com/citations?hl=en&user=m5y4_I4AAAAJ,"Assistant Professor of Teaching Pedagogy, Universitas Teknokrat Indonesia",Verified email at teknokrat.ac.id,950.0
Fatimah Mulya Sari,https://scholar.google.com/citations?hl=en&user=PITVlXQAAAAJ,Universitas Teknokrat Indonesia,Verified email at teknokrat.ac.id,948.0
Jupriyadi (Scopus ID : 56502396600; Sinta ID: 5984156),https://scholar.google.com/citations?hl=en&user=2ne0GywAAAAJ,Assistant Professor of Computer Science at Universitas Teknokrat Indonesia,Verified email at teknokrat.ac.id,905.0
Marchamah Ulfa,https://scholar.google.com/citations?hl=en&user=Gyf4FVQAAAAJ,"Dosen Pendidikan Matematika, Universitas Teknokrat Indonesia",Verified email at teknokrat.ac.id,897.0
Samanik,https://scholar.google.com/citations?hl=en&user=VUUFt3MAAAAJ,Universitas Teknokrat Indonesia,Verified email at teknokrat.ac.id,844.0
Mara Destiningrum,https://scholar.google.com/citations?hl=en&user=sjbTa2MAAAAJ,Universitas Teknokrat Indonesia,Verified email at teknokrat.ac.id,844.0
Arief Budiman,https://scholar.google.com/citations?hl=en&user=OVSt6TkAAAAJ,Assistant Professor of Computer Science at Universitas Teknokrat Indonesia,Verified email at teknokrat.ac.id,839.0
Filoka Nobianda Wijaya,https://scholar.google.com/citations?hl=en&user=VF0V3IEAAAAJ,Universitas Teknokrat Indonesia,Verified email at teknokrat.ac.id,834.0
"Novia Utami Putri, ST,MM,MT",https://scholar.google.com/citations?hl=en&user=CPkSOWkAAAAJ,UNIVERSITAS TEKNOKRAT INDONESIA,Verified email at teknokrat.ac.id,817.0
Rhaka Hade Septian Isna,https://scholar.google.com/citations?hl=en&user=RUJzu10AAAAJ,,Verified email at teknokrat.ac.id,794.0
Very Hendra Saputra,https://scholar.google.com/citations?hl=en&user=cKplq9AAAAAJ,"SIstem Iinformasi, Universitas Teknokrat Indonesia",Verified email at teknokrat.ac.id,789.0
Achmad Yudi Wahyudin,https://scholar.google.com/citations?hl=en&user=_856ta0AAAAJ,Assistant Professor of English Teacher Education at Universitas Teknokrat Indonesia,Verified email at teknokrat.ac.id,768.0
Fikri Hamidy,https://scholar.google.com/citations?hl=en&user=gzdAP3sAAAAJ,Accounting Information Lecturer,Verified email at teknokrat.ac.id,756.0
Lia Febria Lina ( Sinta ID: 6705302),https://scholar.google.com/citations?hl=en&user=SDTjz9kAAAAJ,Universitas Teknokrat Indonesia,Verified email at teknokrat.ac.id,751.0
Auliya Rahman Isnain,https://scholar.google.com/citations?hl=en&user=Xt-qOgIAAAAJ,Universitas Teknokrat Indonesia,Verified email at teknokrat.ac.id,739.0
JEPRI DAUD,https://scholar.google.com/citations?hl=en&user=nNjEHTwAAAAJ,Universitas Teknokrat Indonesia,Verified email at teknokrat.ac.id,725.0
Rusliyawati,https://scholar.google.com/citations?hl=en&user=EbChVyIAAAAJ,Universitas Teknokrat Indonesia,Verified email at teknokrat.ac.id,723.0
Reza Adhi Nugroho,https://scholar.google.com/citations?hl=en&user=I3nCqEsAAAAJ,Assistant Professor of physical education. Universitas Teknokrat Indonesia,Verified email at teknokrat.ac.id,723.0
agus irawan,https://scholar.google.com/citations?hl=en&user=ZfMOjXcAAAAJ,Universitas Teknokrat Indonesia,Verified email at teknokrat.ac.id,714.0
Fera Lestari,https://scholar.google.com/citations?hl=en&user=qV4mMz8AAAAJ,Assistant Professor of Civil Engineering at Universitas Teknokrat Indonesia,Verified email at teknokrat.ac.id,711.0
Dyah Aminatun,https://scholar.google.com/citations?hl=en&user=nkU45-sAAAAJ,Universitas Teknokrat Indonesia,Verified email at teknokrat.ac.id,710.0
Larasati Ahluwalia,https://scholar.google.com/citations?hl=en&user=DaSA9t4AAAAJ,Universitas Teknokrat Indonesia,Verified email at teknokrat.ac.id,707.0
Alfina Adelia,https://scholar.google.com/citations?hl=en&user=dMXZPW4AAAAJ,Universitas Teknokrat Indonesia,Verified email at teknokrat.ac.id,704.0
SEFRAGITA_PASMASYARI Mahasiswa,https://scholar.google.com/citations?hl=en&user=9ZhZZLkAAAAJ,University,Verified email at teknokrat.ac.id,703.0
Andi Nurkholis,https://scholar.google.com/citations?hl=en&user=O-7vhhEAAAAJ,Universitas Teknokrat Indonesia,Verified email at teknokrat.ac.id,694.0
Berlinda Mandasari,https://scholar.google.com/citations?hl=en&user=e5kVuZ0AAAAJ,Universitas Teknokrat Indonesia,Verified email at teknokrat.ac.id,688.0
NUR CAHYANA AMINUALLAH,https://scholar.google.com/citations?hl=en&user=BRgdrekAAAAJ,Teknokrat University,Verified email at teknokrat.ac.id,682.0
Suprayogi Suprayogi,https://scholar.google.com/citations?hl=en&user=BLYPngUAAAAJ,"Assistant Professor in Applied Linguistics, Universitas Teknokrat Indonesia",Verified email at teknokrat.ac.id,678.0
Febrian Eko Saputra,https://scholar.google.com/citations?hl=en&user=QFcRoP8AAAAJ,Universitas Teknokrat Indonesia,Verified email at teknokrat.ac.id,675.0
A. Ferico Octaviansyah Pasaribu,https://scholar.google.com/citations?hl=en&user=4IKzJVkAAAAJ,Universitas Teknokrat Indonesia,Verified email at teknokrat.ac.id,674.0
Mutiara Ayu,https://scholar.google.com/citations?hl=en&user=FNPscsUAAAAJ,"English Lecturer, Universitas Teknokrat Indonesia",Verified email at teknokrat.ac.id,654.0
Tri Darma Rosmalasari,https://scholar.google.com/citations?hl=en&user=ROYjWG0AAAAJ,Universitas Teknokrat Indonesia,Verified email at teknokrat.ac.id,651.0
Ade Dwi Putra,https://scholar.google.com/citations?hl=en&user=2w_rRqAAAAAJ,Universitas Teknokrat Indonesia,Verified email at teknokrat.ac.id,639.0
Amarudin,https://scholar.google.com/citations?hl=en&user=ROTjR4MAAAAJ,Universitas Teknokrat Indonesia,Verified email at teknokrat.ac.id,630.0
Berlintina Permatasari,https://scholar.google.com/citations?hl=en&user=K9swhWcAAAAJ,"Lecturer, Teknokrat Indonesia University",Verified email at teknokrat.ac.id,629.0
"Akhyar Rido, Ph.D. (Scopus ID: 57192158423, WoS ID: 4705438, Sinta ID: 5990896)",https://scholar.google.com/citations?hl=en&user=ya1L30cAAAAJ,"Associate Professor of Applied Linguistics, Universitas Teknokrat Indonesia",Verified email at teknokrat.ac.id,625.0
Agung Deni Wahyudi,https://scholar.google.com/citations?hl=en&user=X0dBqxcAAAAJ,amik teknokrat,Verified email at teknokrat.ac.id,625.0
Maidiana Astuti Handayani,https://scholar.google.com/citations?hl=en&user=YZggyeEAAAAJ,"Doctor of Economic, Universitas Teknokrat Indonesia",Verified email at teknokrat.ac.id,624.0
Muhammad Hayat,https://scholar.google.com/citations?hl=en&user=eiRPyScAAAAJ,Hayat Design,Verified email at teknokrat.ac.id,622.0
Ahmad Ari Aldino,https://scholar.google.com/citations?hl=en&user=hWAWKPwAAAAJ,Assistant Professor of Data Science at Universitas Teknokrat Indonesia,Verified email at teknokrat.ac.id,610.0
Permata,https://scholar.google.com/citations?hl=en&user=PyShXkgAAAAJ,Universitas Teknokrat Indonesia,Verified email at teknokrat.ac.id,580.0
"Suaidah, M.Kom.",https://scholar.google.com/citations?hl=en&user=BUZCIxwAAAAJ,Universitas Teknokrat Indonesia,Verified email at teknokrat.ac.id,573.0
Dian Novita (Sinta ID: 6695262),https://scholar.google.com/citations?hl=en&user=CaKxsTUAAAAJ,Assistant Professor of Marketing at Universitas Teknokrat Indonesia,Verified email at teknokrat.ac.id,573.0
ALVI RAIHAN UTAMI,https://scholar.google.com/citations?hl=en&user=loNEA7oAAAAJ,Universitas Teknokrat Indonesia,Verified email at teknokrat.ac.id,557.0
"Nirwana Hendrastuty, M.Cs.",https://scholar.google.com/citations?hl=en&user=--wiCSMAAAAJ,Universitas Teknokrat Indonesia,Verified email at teknokrat.ac.id,551.0
Agung Tri Prastowo,https://scholar.google.com/citations?hl=en&user=DMY5fzkAAAAJ,Universitas Teknokrat Indonesia,Verified email at teknokrat.ac.id,542.0
Jaka Persada Sembiring,https://scholar.google.com/citations?hl=en&user=MNcEn1wAAAAJ,Universitas Teknokrat Indonesia,Verified email at teknokrat.ac.id,540.0
"Dina Amelia SS, M.Hum.",https://scholar.google.com/citations?hl=en&user=_yjee60AAAAJ,Universitas Teknokrat Indonesia,Verified email at teknokrat.ac.id,535.0
ARMA SATRIA GUFTA,https://scholar.google.com/citations?hl=en&user=noVkZ30AAAAJ,Universitas Teknokrat Indonesia,Verified email at teknokrat.ac.id,519.0
"M. Ghufroni An'ars, M.Pd.",https://scholar.google.com/citations?hl=en&user=mU7NZ4sAAAAJ,Lecturer at Universitas Teknokrat Indonesia,Verified email at teknokrat.ac.id,510.0
Vera Apridina Safitri,https://scholar.google.com/citations?hl=en&user=JY6j8TMAAAAJ,Universitas Teknokrat Indonesia,Verified email at teknokrat.ac.id,508.0
Faruk Ulum,https://scholar.google.com/citations?hl=en&user=9D5cZzUAAAAJ,Universitas Teknokrat Indonesia,Verified email at teknokrat.ac.id,507.0
Dian Pratiwi,https://scholar.google.com/citations?hl=en&user=MJoqzH4AAAAJ,Lecturer of Civil Engineering,Verified email at teknokrat.ac.id,505.0
mega ayu lestari,https://scholar.google.com/citations?hl=en&user=vAdPSHQAAAAJ,Universitas Teknokrat Indonesia,Verified email at teknokrat.ac.id,504.0
Riduwan Napianto,https://scholar.google.com/citations?hl=en&user=9qwr17kAAAAJ,Universiras Teknokrat Indonesia,Verified email at teknokrat.ac.id,493.0
Fajar Dewantoro,https://scholar.google.com/citations?hl=en&user=VNNDTxYAAAAJ,universitas teknokrat indonesia,Verified email at teknokrat.ac.id,484.0
Vinsensius Dendi Yunanda,https://scholar.google.com/citations?hl=en&user=A0X1NrUAAAAJ,Universitas Teknokrat Indonesia,Verified email at teknokrat.ac.id,465.0
"Zaenal Abidin (Scopus ID : 57222998218, Sinta ID : 6023314))",https://scholar.google.com/citations?hl=en&user=0aKs0RgAAAAJ,Assistant Professor of Natural Language Processing at Universitas Teknokrat Indonesia,Verified email at teknokrat.ac.id,459.0
"Dr. Heri Kuswoyo, M.Hum. (Scopus ID: 57221784792; WoS ID: AAJ-5403-2020; Sinta ID: 258759)",https://scholar.google.com/citations?hl=en&user=hLsnKPsAAAAJ,"Assistant Professor of Functional Linguistics, Universitas Teknokrat Indonesia",Verified email at teknokrat.ac.id,455.0
HARRY ANGGONO,https://scholar.google.com/citations?hl=en&user=nrbW6ccAAAAJ,Universitas Teknokrat Indonesia,Verified email at teknokrat.ac.id,432.0
Randy Setiawan,https://scholar.google.com/citations?hl=en&user=Q67s7gkAAAAJ,Universitas Teknokrat Indonesia,Verified email at teknokrat.ac.id,429.0
Ari Sulistiyawati,https://scholar.google.com/citations?hl=en&user=EgQcH3QAAAAJ,"Universitas Teknokrat Indonesia, SMAN 2 Gedongtataan",Verified email at teknokrat.ac.id,425.0
Fatmawati Isnaini,https://scholar.google.com/citations?hl=en&user=S6TmUKkAAAAJ,Universitas Teknokrat Indonesia,Verified email at teknokrat.ac.id,423.0
Ristiandika Arrahman,https://scholar.google.com/citations?hl=en&user=FU6C_IUAAAAJ,Universitas Teknokrat Indonesia,Verified email at teknokrat.ac.id,412.0
M. Yuseano Kardiansyah,https://scholar.google.com/citations?hl=en&user=WP44e_AAAAAJ,Universitas Teknokrat Indonesia,Verified email at teknokrat.ac.id,375.0
"Defia Riski Anggarini, ID Sinta: 6698932",https://scholar.google.com/citations?hl=en&user=O-hbVUMAAAAJ,Universitas Teknokrat Indonesia,Verified email at teknokrat.ac.id,362.0
Jafar Fakhrurozi,https://scholar.google.com/citations?hl=en&user=bRflhYAAAAAJ,Universitas Teknokrat Indonesia,Verified email at teknokrat.ac.id,359.0
Lathifah,https://scholar.google.com/citations?hl=en&user=Msx8lUQAAAAJ,Universitas Teknokrat Indonesia,Verified email at teknokrat.ac.id,356.0
Teta Irama Setri,https://scholar.google.com/citations?hl=en&user=1540P-0AAAAJ,Universitas Teknokrat Indonesia,Verified email at teknokrat.ac.id,355.0
Muhammad Fithratullah,https://scholar.google.com/citations?hl=en&user=HwZQWHoAAAAJ,Universitas Teknokrat Indonesia,Verified email at teknokrat.ac.id,351.0
Bertarina Bertarina,https://scholar.google.com/citations?hl=en&user=PYbk4ygAAAAJ,Universitas Teknokrat Indonesia,Verified email at teknokrat.ac.id,340.0
CLARA FATIMAH,https://scholar.google.com/citations?hl=en&user=J2Zm4iQAAAAJ,Universitas Teknokrat Indonesia,Verified email at teknokrat.ac.id,339.0
Budi Eko Pranoto,https://scholar.google.com/citations?hl=en&user=ZKpRNZoAAAAJ,Universitas Teknokrat Indonesia,Verified email at teknokrat.ac.id,328.0
Dian Puspita (Scopus ID: 57223811002; Sinta ID:6694145),https://scholar.google.com/citations?hl=en&user=9PJtQMgAAAAJ,Universitas Teknokrat Indonesia,Verified email at teknokrat.ac.id,327.0
Tri Widodo,https://scholar.google.com/citations?hl=en&user=Vl-MgkkAAAAJ,Universitas Teknokrat Indonesia,Verified email at teknokrat.ac.id,309.0
Ingatan Gul√∂,https://scholar.google.com/citations?hl=en&user=AgdwkN0AAAAJ,"Universitas Teknokrat Indonesia, Bandar Lampung, Indonesia",Verified email at teknokrat.ac.id,292.0
Muhtad Fadly,https://scholar.google.com/citations?hl=en&user=q3rqrz8AAAAJ,Universitas Teknokrat Indonesia,Verified email at teknokrat.ac.id,269.0
Parjito,https://scholar.google.com/citations?hl=en&user=cUA3gEAAAAAJ,Universitas Teknokrat Indonesia,Verified email at teknokrat.ac.id,265.0
JEPRIYANTO Mahasiswa,https://scholar.google.com/citations?hl=en&user=CYIJ4CQAAAAJ,Universitas Teknokrat Indonesia,Verified email at teknokrat.ac.id,252.0
Fenty Ariyani,https://scholar.google.com/citations?hl=en&user=Fp12kcwAAAAJ,Universitas Teknokrat Indonesia,Verified email at teknokrat.ac.id,247.0
Rakhmat Dedi Gunawan,https://scholar.google.com/citations?hl=en&user=s29ExogAAAAJ,Universitas Teknokrat Indonesia,Verified email at teknokrat.ac.id,246.0
Galuh Pramita,https://scholar.google.com/citations?hl=en&user=uHYjzTwAAAAJ,Universitas Teknokrat Indonesia,Verified email at teknokrat.ac.id,243.0
Yanggi Mertania,https://scholar.google.com/citations?hl=en&user=0jJu9NkAAAAJ,Universitas Teknokrat Indonesia,Verified email at teknokrat.ac.id,243.0
Yeni Anggraini,https://scholar.google.com/citations?hl=en&user=h9C9nhQAAAAJ,Universitas Teknokrat Indonesia,Verified email at teknokrat.ac.id,236.0
Almira Devita Putri,https://scholar.google.com/citations?hl=en&user=LWjut7gAAAAJ,"Lecturer of Management Study, Universitas Teknokrat Indonesia",Verified email at teknokrat.ac.id,232.0
MEGA LESTARI,https://scholar.google.com/citations?hl=en&user=P9Uw20gAAAAJ,Universitas Teknokrat Indonesia,Verified email at teknokrat.ac.id,230.0
Dian Apriyanti,https://scholar.google.com/citations?hl=en&user=d--yRr4AAAAJ,Universitas Teknokrat Indonesia,Verified email at teknokrat.ac.id,226.0
ANDI SAPUTRA,https://scholar.google.com/citations?hl=en&user=TW6uq5MAAAAJ,Universitas Teknokrat Indonesia,Verified email at teknokrat.ac.id,219.0
Fedi Ameraldo (Scopus ID: 57298921700),https://scholar.google.com/citations?hl=en&user=FhUHk9IAAAAJ,"Lecturer and Researcher, Universitas Teknokrat Indonesia",Verified email at teknokrat.ac.id,217.0
Laila Ulsi Qodriani,https://scholar.google.com/citations?hl=en&user=0zSuAt0AAAAJ,Universitas Teknokrat Indonesia,Verified email at teknokrat.ac.id,214.0
EMILIANA PUTRI,https://scholar.google.com/citations?hl=en&user=Mvgyno0AAAAJ,Universitas Teknokrat Indonesia,Verified email at teknokrat.ac.id,214.0
Dwi Bayu Karnadi,https://scholar.google.com/citations?hl=en&user=GOfxYcUAAAAJ,Universitas Teknokrat Indonesia,Verified email at teknokrat.ac.id,213.0
Suhenda Wijaya,https://scholar.google.com/citations?hl=en&user=LFwh2EQAAAAJ,Universitas Teknokrat Indonesia,Verified email at teknokrat.ac.id,197.0
Aralia Heaverly,https://scholar.google.com/citations?hl=en&user=20NrZMsAAAAJ,Universitas Teknokrat Indonesia,Verified email at teknokrat.ac.id,196.0
"Reza Pustika, M.Pd.",https://scholar.google.com/citations?hl=en&user=C36MrikAAAAJ,Universitas Teknokrat Indonesia,Verified email at teknokrat.ac.id,191.0
Sigit Doni Ramdan,https://scholar.google.com/citations?hl=en&user=0BtNaEgAAAAJ,Universitas Teknokrat Indonesia,Verified email at teknokrat.ac.id,188.0
Putri Oktarin,https://scholar.google.com/citations?hl=en&user=TayHgBIAAAAJ,Universitas Teknokrat Indonesia,Verified email at teknokrat.ac.id,186.0
Galuh Hesti Wulandari,https://scholar.google.com/citations?hl=en&user=Rbf5uHsAAAAJ,Universitas Teknokrat Indonesia,Verified email at teknokrat.ac.id,185.0
Bezaliel Septian Sulastio,https://scholar.google.com/citations?hl=en&user=bkMIUXYAAAAJ,Universitas Teknokrat Indonesia,Verified email at teknokrat.ac.id,183.0
M Ramdhani Yanuarsyah,https://scholar.google.com/citations?hl=en&user=1SJNtqAAAAAJ,Universitas Teknokrat Indonesia,Verified email at teknokrat.ac.id,178.0
Cinthia Annisa Vinahapsari,https://scholar.google.com/citations?hl=en&user=qphLTmUAAAAJ,Universitas Teknokrat Indonesia,Verified email at teknokrat.ac.id,172.0
asep haikal kurniawan,https://scholar.google.com/citations?hl=en&user=wZ5gM2oAAAAJ,Universitas Teknokrat Indonesia,Verified email at teknokrat.ac.id,171.0
Andri Supriadi,https://scholar.google.com/citations?hl=en&user=SJ-gUUgAAAAJ,Universitas Teknokrat Indonesia,Verified email at teknokrat.ac.id,171.0
Diana Marlyna,https://scholar.google.com/citations?hl=en&user=9tpZU2oAAAAJ,Universitas Teknokrat Indonesia,Verified email at teknokrat.ac.id,169.0
FIKA TRISNAWATI,https://scholar.google.com/citations?hl=en&user=9YSYgJsAAAAJ,Universitas Teknokrat Indonesia,Verified email at teknokrat.ac.id,169.0
"Adhy Setiyanto ST, MBA",https://scholar.google.com/citations?hl=en&user=40SU8-8AAAAJ,Universitas Teknokrat Indonesia,Verified email at teknokrat.ac.id,169.0
BAGAS_CAHYA_RAMADHAN Mahasiswa,https://scholar.google.com/citations?hl=en&user=UtMUHBsAAAAJ,UNIVERSITAS TEKNOKRAT INDONESIA,Verified email at teknokrat.ac.id,169.0
Fanda Savestra,https://scholar.google.com/citations?hl=en&user=bzbDbd8AAAAJ,Universitas Teknokrat Indonesia,Verified email at teknokrat.ac.id,169.0
Zainabun Mardiyansyah,https://scholar.google.com/citations?hl=en&user=RfLwUsUAAAAJ,Universitas Teknokrat Indonesia,Verified email at teknokrat.ac.id,169.0
Dzulfi Allaudin Hafidz,https://scholar.google.com/citations?hl=en&user=_7zJid4AAAAJ,Universitas Teknokrat Indonesia,Verified email at teknokrat.ac.id,169.0
Ilham Baihaqi,https://scholar.google.com/citations?hl=en&user=oM-TXlcAAAAJ,Universitas Teknokrat Indonesia,Verified email at teknokrat.ac.id,169.0
DANI_SWARA_ARSYALDI Mahasiswa,https://scholar.google.com/citations?hl=en&user=jVNn8kkAAAAJ,Universitas Teknokrat Indonesia,Verified email at teknokrat.ac.id,169.0
MADE YUNINDA PUTRI,https://scholar.google.com/citations?hl=en&user=lmIghHAAAAAJ,Universitas Teknokrat Indonesia,Verified email at teknokrat.ac.id,169.0
ALIFIAN_AKBAR Mahasiswa,https://scholar.google.com/citations?hl=en&user=V-YxBgUAAAAJ,Universitas Teknokrat Indonesia,Verified email at teknokrat.ac.id,169.0
"Shiwi Angelica, SE, MBA",https://scholar.google.com/citations?hl=en&user=m_5DhsgAAAAJ,Universitas Teknokrat Indonesia,Verified email at teknokrat.ac.id,168.0
SAMUEL_HUTAGALUNG Mahasiswa,https://scholar.google.com/citations?hl=en&user=R75M5PoAAAAJ,Universitas Teknokrat Indonesia,Verified email at teknokrat.ac.id,167.0
Afrianto,https://scholar.google.com/citations?hl=en&user=4fZZFI4AAAAJ,Assistant Professor of Systemic Functional Linguistics at Universitas Teknokrat Indonesia,Verified email at teknokrat.ac.id,160.0
Edwin Russel,https://scholar.google.com/citations?hl=en&user=xJI5FVUAAAAJ,Universitas Teknokrat Indonesia,Verified email at teknokrat.ac.id,159.0
Salsabila Indriyani (Mahasiswa),https://scholar.google.com/citations?hl=en&user=Jt64k-EAAAAJ,Universitas Teknokrat Indonesia,Verified email at teknokrat.ac.id,158.0
Wajiran,https://scholar.google.com/citations?hl=en&user=1t4IQrcAAAAJ,Universitas Teknokrat Indonesia,Verified email at teknokrat.ac.id,155.0
Irwan Tubagus,https://scholar.google.com/citations?hl=en&user=dzR6y3kAAAAJ,Universitas Teknokrat Indonesia,Verified email at teknokrat.ac.id,154.0
Maulana Aziz Assuja,https://scholar.google.com/citations?hl=en&user=ougD2MsAAAAJ,Asst. Prof. at Universitas Teknokrat Indonesia,Verified email at teknokrat.ac.id,147.0
Muhammad Bakri,https://scholar.google.com/citations?hl=en&user=omoo7L0AAAAJ,Universitas Teknokrat Indonesia,Verified email at teknokrat.ac.id,146.0
Fadli Firdaus,https://scholar.google.com/citations?hl=en&user=AqaEw7cAAAAJ,Universitas Teknokrat Indonesia,Verified email at teknokrat.ac.id,144.0
YUSRIL_FATNI Mahasiswa,https://scholar.google.com/citations?hl=en&user=aXnZJOoAAAAJ,,Verified email at teknokrat.ac.id,142.0
andini reska putri,https://scholar.google.com/citations?hl=en&user=10ueJcYAAAAJ,Universitas Teknokrat Indonesia,Verified email at teknokrat.ac.id,135.0
LIVIA AGNA PUTRI,https://scholar.google.com/citations?hl=en&user=B16qSrsAAAAJ,Universitas Teknokrat Indonesia,Verified email at teknokrat.ac.id,133.0
"Dr. Nasrullah Yusuf SE, MBA",https://scholar.google.com/citations?hl=en&user=yWPJvdEAAAAJ,Universitas Teknokrat Indonesia,Verified email at teknokrat.ac.id,129.0
Kemala Puji,https://scholar.google.com/citations?hl=en&user=FlwwlqgAAAAJ,"Miss, Economic",Verified email at teknokrat.ac.id,128.0
Fitriyana,https://scholar.google.com/citations?hl=en&user=wE0Nl4QAAAAJ,Universitas Teknokrat Indonesia,Verified email at teknokrat.ac.id,127.0
Rega Arpiansah,https://scholar.google.com/citations?hl=en&user=I0C3GxkAAAAJ,Universitas Teknokrat Indonesia,Verified email at teknokrat.ac.id,125.0
Nisa Mahmuda,https://scholar.google.com/citations?hl=en&user=Hw60pEUAAAAJ,Universitas Teknokrat Indonesia,Verified email at teknokrat.ac.id,124.0
Valencyo Dhida Fiera,https://scholar.google.com/citations?hl=en&user=bjW7EyoAAAAJ,Pelajar,Verified email at teknokrat.ac.id,124.0
Aditia Yudhistira,https://scholar.google.com/citations?hl=en&user=YjrIL2UAAAAJ,Universitas Teknokrat Indonesia,Verified email at teknokrat.ac.id,119.0
fajar irvansyah,https://scholar.google.com/citations?hl=en&user=b4yt1KcAAAAJ,Universitas Teknokrat Indonesia,Verified email at teknokrat.ac.id,119.0
Nurhuda Budi Pamungkas,https://scholar.google.com/citations?hl=en&user=AtbQl5oAAAAJ,Universitas Teknokrat Indonesia,Verified email at teknokrat.ac.id,118.0
MERLIN PUSPITASARI,https://scholar.google.com/citations?hl=en&user=e1qx_mEAAAAJ,Universitas Teknokrat Indonesia,Verified email at teknokrat.ac.id,118.0
I Ketut Wahyu Gunawan,https://scholar.google.com/citations?hl=en&user=D4Akc-oAAAAJ,Universitas Teknokrat Indonesia,Verified email at teknokrat.ac.id,116.0
Tien Yulianti,https://scholar.google.com/citations?hl=en&user=V6BYaQIAAAAJ,Universitas Teknokrat Indonesia,Verified email at teknokrat.ac.id,116.0
Ike Dwi Lestari,https://scholar.google.com/citations?hl=en&user=GAss3uAAAAAJ,Universitas Teknokrat Indonesia,Verified email at teknokrat.ac.id,116.0
Trio Prambudi,https://scholar.google.com/citations?hl=en&user=wRFmp0EAAAAJ,Universitas Teknokrat Indonesia,Verified email at teknokrat.ac.id,116.0
"Ikbal Yasin SE, MM",https://scholar.google.com/citations?hl=en&user=CeJ-zNQAAAAJ,Universitas Teknokrat Indonesia,Verified email at teknokrat.ac.id,115.0
Endi Febriyanto,https://scholar.google.com/citations?hl=en&user=fznrVsYAAAAJ,Universitas Teknokrat Indonesia,Verified email at teknokrat.ac.id,114.0
Meri Audrilia,https://scholar.google.com/citations?hl=en&user=K_gV_q0AAAAJ,Universitas Teknokrat Indonesia,Verified email at teknokrat.ac.id,111.0
RIKA_MANISA Mahasiswa,https://scholar.google.com/citations?hl=en&user=SeqEK7AAAAAJ,Teknokrat,Verified email at teknokrat.ac.id,107.0
niko rianto,https://scholar.google.com/citations?hl=en&user=PT9E9CkAAAAJ,Universitas Teknokrat Indonesia,Verified email at teknokrat.ac.id,102.0
Muhammad Agie Kencono,https://scholar.google.com/citations?hl=en&user=aVG8aUQAAAAJ,Universitas Teknokrat Indonesia,Verified email at teknokrat.ac.id,98.0
I_KETUT_GUMBYAR Mahasiswa,https://scholar.google.com/citations?hl=en&user=I82vTUEAAAAJ,Universitas teknokrat Indonesia,Verified email at teknokrat.ac.id,98.0
Saniati MT,https://scholar.google.com/citations?hl=en&user=3CUDyTMAAAAJ,Universitas Teknokrat Indonesia,Verified email at teknokrat.ac.id,96.0
Wendy Aprianto,https://scholar.google.com/citations?hl=en&user=sWDz9u8AAAAJ,Teknokrat University,Verified email at teknokrat.ac.id,95.0
ROBEKKA RISTEN FRANSISKA SINAGA,https://scholar.google.com/citations?hl=en&user=LQ9RC9wAAAAJ,Universitas Teknokrat Indonesia,Verified email at teknokrat.ac.id,95.0
SOFIA NURUL HIKMAH,https://scholar.google.com/citations?hl=en&user=gmR8xosAAAAJ,Universitas Teknokrat Indonesia,Verified email at teknokrat.ac.id,94.0
Yeren Roosyan Putra,https://scholar.google.com/citations?hl=en&user=EExUCsUAAAAJ,Universitas Teknokrat Indonesia,Verified email at teknokrat.ac.id,94.0
"Try Susanto, S.Pd., M.Cs.",https://scholar.google.com/citations?hl=en&user=3aJVffQAAAAJ,universitas teknokrat indonesia,Verified email at teknokrat.ac.id,91.0
Achmad Irvandi Yusuf,https://scholar.google.com/citations?hl=en&user=kyvZbzIAAAAJ,Universitas Teknokrat Indonesia,Verified email at teknokrat.ac.id,91.0
ardiansyah harahap,https://scholar.google.com/citations?hl=en&user=EkT9Yy4AAAAJ,Universitas Teknokrat Indonesia,Verified email at teknokrat.ac.id,90.0
Yeni Agus Nurhuda,https://scholar.google.com/citations?hl=en&user=yJ3k02wAAAAJ,Universitas Teknokrat Indonesia,Verified email at teknokrat.ac.id,89.0
Aditya Dwi Saputra,https://scholar.google.com/citations?hl=en&user=a7CkLX0AAAAJ,Universitas Teknokrat Indonesia,Verified email at teknokrat.ac.id,88.0
rinaldi muchtar,https://scholar.google.com/citations?hl=en&user=ZOTrr5AAAAAJ,Universitas Teknokrat Indonesia,Verified email at teknokrat.ac.id,88.0
Dartono Dartono,https://scholar.google.com/citations?hl=en&user=urQw-vcAAAAJ,Universitas Teknokrat Indonesia,Verified email at teknokrat.ac.id,85.0
Fadila Shely Amalia,https://scholar.google.com/citations?hl=en&user=tNhbfkAAAAAJ,UNIVERSITAS TEKNOKRAT INDONESIA,Verified email at teknokrat.ac.id,85.0
Ririn Lisa Hardi Yanti,https://scholar.google.com/citations?hl=en&user=obO-_N4AAAAJ,Universitas Teknokrat Indonesi,Verified email at teknokrat.ac.id,78.0
Lara Sri Wahyuni,https://scholar.google.com/citations?hl=en&user=44oUDo0AAAAJ,Universitas Teknokrat Indonesia,Verified email at teknokrat.ac.id,78.0
Martha Widiawitasari Br Simamora,https://scholar.google.com/citations?hl=en&user=e11dfpUAAAAJ,Universitas Teknokrat Indonesia,Verified email at teknokrat.ac.id,77.0
Syahar Nurmala Sari,https://scholar.google.com/citations?hl=en&user=tugCAmQAAAAJ,Universitas Teknokrat Indonesia,Verified email at teknokrat.ac.id,77.0
Muhammad Bakri,https://scholar.google.com/citations?hl=en&user=gAZHGvIAAAAJ,Universitas Teknokrat Indonesia,Verified email at teknokrat.ac.id,72.0
Muhammad Najib Dwi Satria,https://scholar.google.com/citations?hl=en&user=PbqMrw0AAAAJ,Universitas Teknokrat Indonesia,Verified email at teknokrat.ac.id,72.0
ARIEF PRATAMA ZANOFA,https://scholar.google.com/citations?hl=en&user=5GXOZfQAAAAJ,Universitas Teknokrat Indonesia,Verified email at teknokrat.ac.id,69.0
KETUT WIRNAWA,https://scholar.google.com/citations?hl=en&user=oSNmPJ8AAAAJ,Universitas Teknokrat Indonesia,Verified email at teknokrat.ac.id,67.0
Kisworo,https://scholar.google.com/citations?hl=en&user=VpsATTwAAAAJ,Universitas Teknokrat Indonesia,Verified email at teknokrat.ac.id,64.0
Mahdy Eka Putra,https://scholar.google.com/citations?hl=en&user=iPCIXgwAAAAJ,Universitas Teknokrat Indonesia,Verified email at teknokrat.ac.id,64.0
RUT DIAS VALENTIN,https://scholar.google.com/citations?hl=en&user=efKUzYkq48gC,Universitas Teknokrat Indonesia,Verified email at teknokrat.ac.id,62.0
Bintang Diwangkara,https://scholar.google.com/citations?hl=en&user=5r0j3KAAAAAJ,Universitas Teknokrat Indonesia,Verified email at teknokrat.ac.id,62.0
Muhammad Vani Aprilianto,https://scholar.google.com/citations?hl=en&user=hxJ9zhgAAAAJ,Universitas Teknokrat Indonesia,Verified email at teknokrat.ac.id,59.0
Yogi Purnomo Putra,https://scholar.google.com/citations?hl=en&user=rQvzgfMAAAAJ,Universitas Teknokrat Indonesia,Verified email at teknokrat.ac.id,58.0
FINE SIWI,https://scholar.google.com/citations?hl=en&user=KjZfRMoAAAAJ,Universitas Teknokrat Indonesia,Verified email at teknokrat.ac.id,57.0
Febri Wardani,https://scholar.google.com/citations?hl=en&user=Qo_242UAAAAJ,Universitas Teknokrat Indonesia,Verified email at teknokrat.ac.id,53.0
Akhmad Jayadi,https://scholar.google.com/citations?hl=en&user=W30yR5QAAAAJ,Universitas Teknokrat Indonesia,Verified email at teknokrat.ac.id,46.0
Alfiah Alfiah,https://scholar.google.com/citations?hl=en&user=_PrHZIsAAAAJ,Universitas Teknokrat Indonesia,Verified email at teknokrat.ac.id,43.0
Riski Istiani,https://scholar.google.com/citations?hl=en&user=N7VlVVUAAAAJ,Universitas Teknokrat Indonesia,Verified email at teknokrat.ac.id,37.0
Arimbi Priadipa,https://scholar.google.com/citations?hl=en&user=9mcZ0tsAAAAJ,Universitas Teknokrat Indonesia,Verified email at teknokrat.ac.id,33.0
Dyah Ayu Megawaty,https://scholar.google.com/citations?hl=en&user=lF9LhtIAAAAJ,Universitas Teknokrat Indonesia,Verified email at teknokrat.ac.id,32.0
Intan Hamzah,https://scholar.google.com/citations?hl=en&user=Y70xXwEAAAAJ,English Lecturer,Verified email at teknokrat.ac.id,32.0
Nadila Nuraziza,https://scholar.google.com/citations?hl=en&user=rESPPyoAAAAJ,Universitas Teknokrat Indonesia,Verified email at teknokrat.ac.id,30.0
"E. Ngestirosa Endang Woro Kasih, MA",https://scholar.google.com/citations?hl=en&user=-AiEg6kAAAAJ,Universitas Teknokrat Indonesia,Verified email at teknokrat.ac.id,27.0
Mohammad Aminudin,https://scholar.google.com/citations?hl=en&user=n2u3mI4AAAAJ,Universitas Teknokrat Indonesia,Verified email at teknokrat.ac.id,27.0
Naufal Rizqi Ramadhan,https://scholar.google.com/citations?hl=en&user=L1FFgkgAAAAJ,Universitas Teknokrat Indonesia,Verified email at teknokrat.ac.id,26.0
Tria Setyani,https://scholar.google.com/citations?hl=en&user=fejxZisAAAAJ,Universitas Teknokrat Indonesia,Verified email at teknokrat.ac.id,22.0
Laisha Amilna Hayurian,https://scholar.google.com/citations?hl=en&user=q63Wb1EAAAAJ,Universitas Teknokrat Indonesia,Verified email at teknokrat.ac.id,19.0
Rikendry,https://scholar.google.com/citations?hl=en&user=Y0ycTjUAAAAJ,Universitas Teknokrat Indonesia,Verified email at teknokrat.ac.id,17.0
MARSYA_ADELA Mahasiswa,https://scholar.google.com/citations?hl=en&user=3671wVkAAAAJ,Universitas Teknokrat Indonesia,Verified email at teknokrat.ac.id,13.0
Muhammad Pajar Kharisma Putra,https://scholar.google.com/citations?hl=en&user=3NoZzAQAAAAJ,Universitas Teknokrat Indonesia,Verified email at teknokrat.ac.id,11.0
IRSYADIL_FIKRI Mahasiswa,https://scholar.google.com/citations?hl=en&user=fD7TtoMAAAAJ,Universitas Teknokrat Indonesia,Verified email at teknokrat.ac.id,10.0
WILDA_AMARA_NINGSIH Mahasiswa,https://scholar.google.com/citations?hl=en&user=sVfRIwQAAAAJ,TEKNOKRAT,Verified email at teknokrat.ac.id,8.0
liliandraini,https://scholar.google.com/citations?hl=en&user=9IRWv70AAAAJ,Universitas Teknokrat Indonesia,Verified email at teknokrat.ac.id,5.0
Muhammad Zam Zam Al Murshalat Adzan,https://scholar.google.com/citations?hl=en&user=haQ4JbAAAAAJ,Universitas Teknokrat Indonesia,Verified email at teknokrat.ac.id,3.0
Rio Aditomo Mahardika Putra,https://scholar.google.com/citations?hl=en&user=CmpoVK0AAAAJ,Universitas Teknokrat Indonesia,Verified email at teknokrat.ac.id,1.0
Fernando Kesuma Bhakti,https://scholar.google.com/citations?hl=en&user=EmKHaG0AAAAJ,Univeristas Teknokrat Indonesia,Verified email at teknokrat.ac.id,
PRAJENA_INTAN_PUTRI Mahasiswa,https://scholar.google.com/citations?hl=en&user=Bh6FR5QAAAAJ,"Sistem Informasi, Univeritas Teknokrat Indonesia",Verified email at teknokrat.ac.id,
Suwarman Adi Wardana,https://scholar.google.com/citations?hl=en&user=VEaYQTwAAAAJ,Universitas Teknokrat Indonesia,Verified email at teknokrat.ac.id,
Waldy Romadhona,https://scholar.google.com/citations?hl=en&user=ApfgMU8AAAAJ,Universitas Teknokrat Indonesia,Verified email at teknokrat.ac.id,
